SNP rsID,chr,position,A1,A2,NAM_AF,EUR_AF,AFR_AF,population,LSBL(Fst),LSBL(In)
rs6685064,1,1201155,C,T,0.244,0.93,0.42200000000000004,EUR,0.37200000000000005,0.209
rs12085319,1,10952065,G,T,0.34700000000000003,0.8170000000000001,0.015,EUR,0.35100000000000003,0.205
rs4920310,1,18436476,G,A,0.305,0.8190000000000001,0.11699999999999999,EUR,0.355,0.19399999999999998
rs2984915,1,59026283,T,C,0.011000000000000001,0.09,0.853,AFR,0.636,0.37799999999999995
rs6681578,1,64786174,T,C,0.08,0.233,0.9470000000000001,AFR,0.616,0.364
rs12727814,1,71786781,G,A,0.057,0.752,0.078,EUR,0.484,0.273
rs12022561,1,80008407,T,C,0.16399999999999998,0.8759999999999999,0.927,NAM,0.544,0.307
rs10779334,1,217173027,G,A,0.008,0.09699999999999999,0.8370000000000001,AFR,0.606,0.36
rs12142968,1,232760664,G,T,0.081,0.736,0.888,NAM,0.53,0.303
rs7525142,1,238809528,T,G,0.205,0.252,0.985,AFR,0.599,0.363
rs9725312,1,243105441,A,C,0.0,0.06,0.843,AFR,0.659,0.4
rs2140701,2,9725153,G,A,0.034,0.586,0.937,NAM,0.501,0.307
rs798364,2,16762671,A,G,0.008,0.192,0.927,AFR,0.652,0.396
rs10175357,2,35015176,C,T,0.038,0.059000000000000004,0.82,AFR,0.605,0.35200000000000004
rs11124754,2,40729617,T,C,0.213,0.919,0.29600000000000004,EUR,0.452,0.252
rs6740875,2,44971206,G,A,0.321,0.848,0.175,EUR,0.355,0.193
rs4643526,2,61038155,A,G,0.019,0.177,0.917,AFR,0.6459999999999999,0.387
rs7594727,2,96853597,A,C,0.008,0.136,0.8690000000000001,AFR,0.615,0.366
rs7598069,2,98127823,G,A,0.011000000000000001,0.61,0.971,NAM,0.5710000000000001,0.368
rs1567803,2,100709450,T,C,0.019,0.642,0.028999999999999998,EUR,0.429,0.253
rs1036543,2,133392684,A,G,0.282,0.9390000000000001,0.35,EUR,0.413,0.233
rs6429990,2,143365273,G,C,0.023,0.57,0.024,EUR,0.358,0.21100000000000002
rs298259,2,157033071,C,T,0.16,0.7609999999999999,0.131,EUR,0.381,0.20600000000000002
rs10497191,2,158375463,T,C,0.115,0.151,0.951,AFR,0.674,0.397
rs6759948,2,158597839,A,G,0.011000000000000001,0.599,0.087,EUR,0.33399999999999996,0.19399999999999998
rs1005932,2,177039956,A,G,0.038,0.664,0.922,NAM,0.556,0.33399999999999996
rs2695735,2,178496734,A,G,0.023,0.609,0.902,NAM,0.529,0.324
rs7568054,2,190206141,G,A,0.053,0.6509999999999999,0.005,EUR,0.42200000000000004,0.251
rs6710083,2,192480837,T,G,0.004,0.078,0.84,AFR,0.633,0.38
rs1606237,2,205955695,T,C,0.019,0.33399999999999996,0.971,AFR,0.591,0.371
rs10186877,2,216327063,C,G,0.10300000000000001,0.7090000000000001,0.057999999999999996,EUR,0.41,0.22899999999999998
rs4109078,3,3215356,T,C,0.111,0.858,0.903,NAM,0.591,0.336
rs2282751,3,50266789,G,A,0.248,0.87,0.18899999999999997,EUR,0.426,0.233
rs2317212,3,98810974,G,T,0.073,0.878,0.34,EUR,0.42200000000000004,0.24
rs7630522,3,108635778,C,T,0.057999999999999996,0.787,0.262,EUR,0.37200000000000005,0.20800000000000002
rs2869782,3,118567115,T,C,0.023,0.053,0.8109999999999999,AFR,0.609,0.358
rs1586861,3,140541186,T,C,0.046,0.899,0.863,NAM,0.7,0.415
rs868767,3,142860020,A,G,0.149,0.894,0.981,NAM,0.614,0.361
rs9832471,3,145053561,C,A,0.008,0.057,0.8109999999999999,AFR,0.613,0.366
rs2106124,3,170540703,G,A,0.031,0.7390000000000001,0.155,EUR,0.414,0.235
rs719776,4,33363055,C,G,0.225,0.11900000000000001,0.961,AFR,0.628,0.371
rs6817183,4,34174660,A,C,0.141,0.168,0.937,AFR,0.616,0.35600000000000004
rs11725412,4,37954149,G,A,0.05,0.9309999999999999,0.816,NAM,0.672,0.4
rs10026397,4,41260644,A,G,0.046,0.19399999999999998,0.932,AFR,0.643,0.381
rs11051,4,41783934,G,A,0.08,0.262,0.971,AFR,0.635,0.384
rs4693573,4,84318348,C,T,0.011000000000000001,0.171,0.888,AFR,0.608,0.36200000000000004
rs17014118,4,89538319,T,C,0.317,0.848,0.155,EUR,0.366,0.2
rs920559,4,102437738,C,G,0.275,0.856,0.21100000000000002,EUR,0.37799999999999995,0.205
rs4541508,4,110901936,C,T,0.134,0.68,0.083,EUR,0.341,0.18600000000000003
rs17015014,4,142948222,G,C,0.115,0.8690000000000001,0.9470000000000001,NAM,0.623,0.36
rs12715977,4,177732408,C,A,0.145,0.752,0.17,EUR,0.35600000000000004,0.191
rs3911610,4,180709168,C,T,0.34700000000000003,0.9359999999999999,0.38799999999999996,EUR,0.355,0.198
rs10071261,5,1066694,T,C,0.107,0.086,0.903,AFR,0.65,0.375
rs378257,5,2571738,T,C,0.035,0.253,0.9420000000000001,AFR,0.61,0.366
rs1875017,5,10504154,A,G,0.28600000000000003,0.894,0.301,EUR,0.374,0.204
rs17157450,5,104384818,C,T,0.145,0.8640000000000001,0.903,NAM,0.544,0.305
rs13354224,5,108848634,C,T,0.008,0.111,0.903,AFR,0.693,0.419
rs10079352,5,117522539,A,G,0.031,0.597,0.961,NAM,0.523,0.325
rs7732591,5,142105361,C,T,0.313,0.14800000000000002,0.99,AFR,0.595,0.368
rs6875659,5,175091259,A,G,0.038,0.095,0.9420000000000001,AFR,0.7609999999999999,0.46
rs9357427,6,44085513,G,A,0.057,0.20199999999999999,0.917,AFR,0.606,0.354
rs1325476,6,84598672,T,C,0.424,0.9209999999999999,0.165,EUR,0.38799999999999996,0.22
rs794672,6,95515038,A,G,0.11199999999999999,0.142,0.922,AFR,0.634,0.365
rs7752055,6,106067405,C,T,0.038,0.11900000000000001,0.893,AFR,0.6559999999999999,0.384
rs9384878,6,114081811,C,T,0.015,0.649,0.848,NAM,0.5529999999999999,0.33799999999999997
rs9689446,6,134503136,C,T,0.008,0.059000000000000004,0.8109999999999999,AFR,0.611,0.365
rs7769343,6,170359831,T,G,0.008,0.099,0.84,AFR,0.61,0.36200000000000004
rs731257,7,12635776,G,A,0.16,0.88,0.976,NAM,0.581,0.33899999999999997
rs2080161,7,13297675,A,C,0.099,0.7979999999999999,0.976,NAM,0.593,0.35100000000000003
rs7808899,7,14779699,T,G,0.298,0.83,0.146,EUR,0.36200000000000004,0.19699999999999998
rs7794503,7,31015423,C,T,0.008,0.228,0.961,AFR,0.675,0.42
rs17170516,7,32785284,G,A,0.16399999999999998,0.841,0.981,NAM,0.54,0.315
rs37268,7,41305505,C,T,0.10300000000000001,0.222,0.9420000000000001,AFR,0.606,0.353
rs7797239,7,117476459,C,T,0.308,0.826,0.141,EUR,0.35200000000000004,0.191
rs350655,7,130364241,A,C,0.011000000000000001,0.09699999999999999,0.888,AFR,0.6829999999999999,0.41
rs10258063,7,131478822,A,G,0.004,0.075,0.917,AFR,0.758,0.466
rs344470,7,146044430,G,A,0.023,0.154,0.8690000000000001,AFR,0.591,0.34600000000000003
rs11784513,8,305843,T,C,0.13,0.174,0.932,AFR,0.612,0.35200000000000004
rs17150066,8,9347921,G,A,0.08800000000000001,0.858,0.985,NAM,0.674,0.405
rs2736340,8,11381382,C,T,0.08900000000000001,0.792,0.879,NAM,0.556,0.315
rs11778591,8,12764720,A,C,0.057,0.9079999999999999,0.418,EUR,0.40700000000000003,0.23800000000000002
rs6994396,8,114881166,G,T,0.115,0.865,0.85,NAM,0.552,0.31
rs7017679,8,115827888,G,A,0.22899999999999998,0.9079999999999999,0.39799999999999996,EUR,0.361,0.2
rs1357038,8,119771453,A,T,0.0,0.161,0.8740000000000001,AFR,0.599,0.36
rs10111852,8,142006723,T,C,0.023,0.59,0.015,EUR,0.385,0.22899999999999998
rs1500318,9,8351445,T,C,0.015,0.13699999999999998,0.8540000000000001,AFR,0.589,0.34700000000000003
rs3780827,9,20341419,C,G,0.618,0.077,0.7040000000000001,EUR,0.364,0.201
rs7864029,9,21920147,G,C,0.242,0.8240000000000001,0.17,EUR,0.38,0.205
rs1231375,9,25745952,C,T,0.244,0.852,0.243,EUR,0.374,0.201
rs12380601,9,73838451,A,G,0.031,0.583,0.028999999999999998,EUR,0.36,0.21
rs7851160,9,79438617,A,G,0.191,0.8370000000000001,0.172,EUR,0.43,0.23399999999999999
rs3001115,9,112443667,C,T,0.038,0.7909999999999999,0.929,NAM,0.669,0.402
rs2809393,9,119931458,C,T,0.10300000000000001,0.867,0.35,EUR,0.389,0.218
rs907687,10,5940768,G,T,0.062,0.67,0.9129999999999999,NAM,0.517,0.303
rs4747860,10,10580170,T,C,0.08,0.6890000000000001,0.131,EUR,0.353,0.193
rs3123687,10,31569267,C,G,0.027000000000000003,0.07200000000000001,0.966,AFR,0.835,0.52
rs709616,10,48251333,A,G,0.027000000000000003,0.071,0.8640000000000001,AFR,0.665,0.39299999999999996
rs3810947,10,50491249,G,A,0.20199999999999999,0.946,0.37799999999999995,EUR,0.445,0.255
rs2795918,10,55847021,T,C,0.046,0.6920000000000001,0.85,NAM,0.5329999999999999,0.311
rs11000445,10,74342405,C,T,0.011000000000000001,0.055999999999999994,0.82,AFR,0.625,0.373
rs7080350,10,75247849,A,G,0.027000000000000003,0.7,0.165,EUR,0.363,0.20600000000000002
rs2245251,10,93050437,T,C,0.038,0.6629999999999999,0.871,NAM,0.534,0.316
rs7087634,10,118161006,T,C,0.313,0.9009999999999999,0.136,EUR,0.452,0.254
rs10764919,10,131553641,A,G,0.046,0.57,0.019,EUR,0.34,0.198
rs10741584,11,12340445,G,A,0.023,0.133,0.879,AFR,0.627,0.369
rs7927234,11,27392932,C,G,0.012,0.11,0.852,AFR,0.614,0.363
rs2993051,11,29951041,C,T,0.07,0.775,0.82,NAM,0.5379999999999999,0.305
rs10437653,11,46254207,C,A,0.019,0.563,0.937,NAM,0.508,0.319
rs174570,11,61353788,C,T,0.031,0.88,0.99,NAM,0.799,0.502
rs7124676,11,64069867,A,G,0.008,0.521,0.028999999999999998,EUR,0.318,0.191
rs1790740,11,66886698,T,C,0.225,0.929,0.17,EUR,0.542,0.308
rs614394,11,69128449,G,A,0.019,0.078,0.84,AFR,0.626,0.369
rs568789,11,83823790,T,C,0.076,0.242,0.995,AFR,0.7,0.44299999999999995
rs12363125,11,112791126,T,C,0.027000000000000003,0.6679999999999999,0.068,EUR,0.41600000000000004,0.239
rs10893032,11,122751364,A,G,0.134,0.35100000000000003,0.995,AFR,0.581,0.366
rs485645,11,125938189,A,G,0.046,0.6409999999999999,0.966,NAM,0.536,0.32799999999999996
rs7103088,11,129514516,A,G,0.019,0.111,0.917,AFR,0.713,0.429
rs10848644,12,235550,T,C,0.015,0.5329999999999999,0.019,EUR,0.33299999999999996,0.19899999999999998
rs10848765,12,3011756,C,T,0.011000000000000001,0.24100000000000002,0.961,AFR,0.662,0.41100000000000003
rs7961436,12,10134132,G,A,0.057,0.64,0.084,EUR,0.353,0.196
rs10466960,12,81773378,C,A,0.023,0.086,0.85,AFR,0.631,0.371
rs7958163,12,112759625,C,A,0.034,0.7020000000000001,0.172,EUR,0.35700000000000004,0.201
rs7990216,13,24798838,T,C,0.271,0.898,0.083,EUR,0.504,0.28800000000000003
rs394307,13,32467834,A,G,0.023,0.581,0.068,EUR,0.32899999999999996,0.18899999999999997
rs9527650,13,56860414,A,G,0.034,0.68,0.8009999999999999,NAM,0.519,0.304
rs9530435,13,74891888,T,C,0.05,0.17800000000000002,0.912,AFR,0.623,0.364
rs2476230,13,101380444,G,C,0.29,0.825,0.17800000000000002,EUR,0.345,0.185
rs7151991,14,31705323,G,A,0.065,0.812,0.8690000000000001,NAM,0.605,0.348
rs1188184,14,55512165,G,A,0.031,0.6579999999999999,0.073,EUR,0.39799999999999996,0.22699999999999998
rs2251244,14,61093017,C,A,0.7170000000000001,0.18100000000000002,0.985,EUR,0.40700000000000003,0.237
rs7142344,14,78319897,T,C,0.031,0.141,0.976,AFR,0.7809999999999999,0.48700000000000004
rs3825663,14,89499502,C,T,0.057999999999999996,0.055999999999999994,0.8540000000000001,AFR,0.6409999999999999,0.373
rs9323913,14,94217063,C,T,0.05,0.693,0.866,NAM,0.535,0.311
rs7146661,14,104161600,G,C,0.084,0.7290000000000001,0.145,EUR,0.384,0.21
rs4983425,14,105032574,G,A,0.054000000000000006,0.05,0.82,AFR,0.6,0.34700000000000003
rs8041147,15,35085650,T,C,0.092,0.902,0.223,EUR,0.546,0.311
rs2304580,15,38816959,T,C,0.136,0.8420000000000001,0.927,NAM,0.555,0.315
rs1678986,15,40308480,C,G,0.14800000000000002,0.838,0.309,EUR,0.36200000000000004,0.19699999999999998
rs8030587,15,40769098,A,G,0.015,0.19699999999999998,0.966,AFR,0.713,0.44299999999999995
rs735480,15,42939663,T,C,0.317,0.894,0.015,EUR,0.48200000000000004,0.287
rs1453858,15,46091402,T,A,0.20600000000000002,0.9109999999999999,0.228,EUR,0.489,0.273
rs728244,15,53604277,A,G,0.057,0.151,0.932,AFR,0.6779999999999999,0.4
rs2415047,15,67675432,A,C,0.35100000000000003,0.8959999999999999,0.131,EUR,0.418,0.235
rs746655,15,71894730,A,G,0.004,0.122,0.8540000000000001,AFR,0.608,0.363
rs7178655,15,82555245,G,T,0.092,0.722,0.102,EUR,0.40399999999999997,0.222
rs11631761,15,90102302,A,G,0.034,0.614,0.898,NAM,0.512,0.308
rs11074130,15,91384746,G,T,0.321,0.922,0.233,EUR,0.431,0.24
rs9937557,16,8244391,C,G,0.20199999999999999,0.94,0.927,NAM,0.545,0.31
rs12929500,16,10600333,A,C,0.134,0.848,0.177,EUR,0.478,0.264
rs7185307,16,11954400,T,C,0.08800000000000001,0.7509999999999999,0.121,EUR,0.426,0.23399999999999999
rs30237,16,14282146,G,A,0.084,0.162,0.903,AFR,0.604,0.34600000000000003
rs4347621,16,50241402,G,A,0.065,0.152,0.903,AFR,0.625,0.361
rs8043824,16,78404643,G,A,0.20600000000000002,0.253,0.985,AFR,0.598,0.36200000000000004
rs2967340,16,80815052,A,G,0.225,0.848,0.092,EUR,0.465,0.259
rs2086824,16,87998747,C,A,0.038,0.565,0.015,EUR,0.34600000000000003,0.204
rs4791868,17,9638969,G,C,0.141,0.937,0.126,EUR,0.648,0.376
rs8068853,17,19342689,T,C,0.092,0.716,0.034,EUR,0.444,0.253
rs8081410,17,33096391,G,A,0.13,0.691,0.09300000000000001,EUR,0.348,0.18899999999999997
rs7211655,17,53210594,A,G,0.099,0.711,0.976,NAM,0.514,0.304
rs4790939,17,60853432,G,C,0.107,0.115,0.9079999999999999,AFR,0.635,0.365
rs680173,18,2864364,C,G,0.038,0.6859999999999999,0.82,NAM,0.527,0.309
rs17519184,18,6976714,G,A,0.042,0.677,0.887,NAM,0.546,0.32299999999999995
rs628419,18,12003384,C,T,0.11199999999999999,0.6409999999999999,0.005,EUR,0.354,0.20800000000000002
rs507163,18,32161626,T,C,0.11800000000000001,0.7509999999999999,0.155,EUR,0.381,0.20600000000000002
rs4911320,20,31377692,T,G,0.44299999999999995,0.055999999999999994,0.845,EUR,0.325,0.191
rs6088466,20,32377195,G,A,0.034,0.696,0.981,NAM,0.609,0.37799999999999995
rs1934915,20,36329274,A,G,0.141,0.852,0.9420000000000001,NAM,0.564,0.322
rs4812831,20,42451674,G,A,0.168,0.904,0.961,NAM,0.586,0.33799999999999997
rs1201686,20,45044330,G,C,0.237,0.903,0.40299999999999997,EUR,0.349,0.192
rs1877751,20,57401301,A,G,0.034,0.669,0.8690000000000001,NAM,0.544,0.32299999999999995
rs2300395,21,35167068,T,C,0.011000000000000001,0.294,0.951,AFR,0.594,0.366
rs2835367,21,36805244,T,C,0.256,0.899,0.175,EUR,0.47100000000000003,0.262
rs2836181,21,38477680,T,C,0.016,0.049,0.8009999999999999,AFR,0.604,0.358
rs2837352,21,40285648,C,T,0.053,0.879,0.927,NAM,0.721,0.429
rs2187239,21,42293624,A,C,0.023,0.684,0.8190000000000001,NAM,0.55,0.32899999999999996
rs762421,21,44439989,A,G,0.038,0.634,0.937,NAM,0.535,0.325
rs5754506,22,32013735,C,T,0.008,0.135,0.858,AFR,0.599,0.35600000000000004
rs5757362,22,37636026,C,T,0.065,0.647,0.985,NAM,0.514,0.313
rs470113,22,39059560,A,G,0.065,0.835,0.858,NAM,0.615,0.354
rs1557553,22,43139648,C,T,0.086,0.892,0.9470000000000001,NAM,0.69,0.406
